_id,classify,tweetId,timeTweet,tweetUrl,text_cleaned,text_origin
ObjectId("5e5072c7160e825aac3e2a3e"),pleasant,1231009568295129101,Sat Feb 22 00:15:26 +0000 2020,https://twitter.com/therealnuge820/statuses/1231009568295129101,patiently waiting front door got home work slightly_smiling_face,@owenbroadcast This was patiently waiting by my front door when I got home from work. ğŸ™‚ https://t.co/80J2AFSX4f
ObjectId("5e5072c7160e825aac3e2a3f"),pleasant,1231009567351414784,Sat Feb 22 00:15:26 +0000 2020,https://twitter.com/KingCaIeb/statuses/1231009567351414784,hi drowning student debt amp graduate means payments going due make 10 hour upside-down_face,@pulte hi iâ€™m drowning in student debt &amp; about to graduate which means the payments are going to be due and I make $10 an hour ğŸ™ƒ
ObjectId("5e5072c7160e825aac3e2a40"),pleasant,1231009558820278275,Sat Feb 22 00:15:24 +0000 2020,https://twitter.com/LCakaOscarsMom/statuses/1231009558820278275,wasnt fan ... want something funny i.t crowd ... doc martin partial british comedy slightly_smiling_face,@jannarden Wasnt a fan... want something funny? The I.T. Crowd.... or Doc Martin if you are partial to British comedy ğŸ™‚
ObjectId("5e5072c7160e825aac3e2a41"),pleasant,1231009555494133761,Sat Feb 22 00:15:23 +0000 2020,https://twitter.com/bytebrasiI/statuses/1231009555494133761,dog logic package slightly_smiling_face,Dog logic ğŸ“¦ğŸ™‚ (by https://t.co/0y4wggGqi0) @NaturalExample https://t.co/EtOxACaxrh
ObjectId("5e5072c7160e825aac3e2a42"),pleasant,1231009554412036096,Sat Feb 22 00:15:23 +0000 2020,https://twitter.com/SirineArmy3/statuses/1231009554412036096,taehyung face shadow like slightly_smiling_face sparkling_heart sparkling_heart mean taehyung black swan clown_face clown_face red_heart,Taehyung in his face:(shadow like me)ğŸ™‚ğŸ’–ğŸ’– Is that mean that taehyung is the black swan???ğŸ¤¡ğŸ¤¡â¤ https://t.co/8uDZKMjhUn
ObjectId("5e5072c7160e825aac3e2a43"),pleasant,1231009552822198272,Sat Feb 22 00:15:23 +0000 2020,https://twitter.com/tierneylclark/statuses/1231009552822198272,best compliment anyone could give right â€œ look like lost weight â€ slightly_smiling_face thank,The best compliment anyone could give me right now is â€œyou look like you lost weightâ€ ğŸ™‚ thank you .
ObjectId("5e5072c7160e825aac3e2a44"),pleasant,1231009524007333889,Sat Feb 22 00:15:16 +0000 2020,https://twitter.com/haetbicheul/statuses/1231009524007333889,guess people really gall scam others ano u even stomach something like upside-down_face,Guess some people really just have the gall to scam others ano? How do u even stomach something like that? ğŸ™ƒ
ObjectId("5e5072c7160e825aac3e2a45"),pleasant,1231009521377644544,Sat Feb 22 00:15:15 +0000 2020,https://twitter.com/UncleStan17/statuses/1231009521377644544,pete cerebral pleasant two words never ever used describe trump,Pete is cerebral and pleasant  two words never  ever used to describe Trump @PeteButtigieg
ObjectId("5e5072c7160e825aac3e2a46"),pleasant,1231009518093393920,Sat Feb 22 00:15:14 +0000 2020,https://twitter.com/InfantaRaquel/statuses/1231009518093393920,hiding queerness stressful painful ... absolutely soul-crushing upside-down_face,@Gayer_Than_Thou Hiding queerness is stressful and painful.... absolutely soul-crushing ğŸ™ƒ
ObjectId("5e5072c7160e825aac3e2a47"),pleasant,1231009517007245312,Sat Feb 22 00:15:14 +0000 2020,https://twitter.com/_daisymerollinn/statuses/1231009517007245312,really bad habit disinterested plans already agreeing often upside-down_face pistol,I have a really bad habit of being disinterested in plans after already agreeing to them more often than not ğŸ™ƒğŸ”«
ObjectId("5e5072c7160e825aac3e2a48"),pleasant,1231009512779284480,Sat Feb 22 00:15:13 +0000 2020,https://twitter.com/KHOV2019/statuses/1231009512779284480,slightly_smiling_face thank much leslie posted twitter,@LeslieLNavarro Just did ğŸ™‚ Thank you so much Leslie  we just posted it on our Twitter.
ObjectId("5e5072c7160e825aac3e2a49"),pleasant,1231009501358194688,Sat Feb 22 00:15:10 +0000 2020,https://twitter.com/Z_ninetales/statuses/1231009501358194688,gays hometown following talk upside-down_face,gays from my hometown following me on here so I canâ€™t talk about them ğŸ™ƒ https://t.co/IpYyD9I2KT
ObjectId("5e5072c7160e825aac3e2a4a"),pleasant,1231009500469002240,Sat Feb 22 00:15:10 +0000 2020,https://twitter.com/Lacuna04/statuses/1231009500469002240,put fake tats members know jimin real let jk show sleeve huh upside-down_face,@mollajoon They put fake tats on the members (I know Jimin's is real) but won't let JK show his sleeve? HUH? ğŸ™ƒ
ObjectId("5e5072c7160e825aac3e2a4b"),pleasant,1231009493284048897,Sat Feb 22 00:15:08 +0000 2020,https://twitter.com/DrewDarkley/statuses/1231009493284048897,realization play soulcalibur upside-down_face,@LucienDodge @KaggyFilms @HaybaleVoice @TsukinoCon @laura_stahl It's the realization that he can't play Soulcalibur ğŸ™ƒ
ObjectId("5e5072c7160e825aac3e2a4c"),pleasant,1231009491438665733,Sat Feb 22 00:15:08 +0000 2020,https://twitter.com/ahmsaleh2012/statuses/1231009491438665733,prophet mohammad would greet everyone smile always spoke people gentleness shows personality prophet muhammad pleasant gentle person would smile times ought leave good impression people,Prophet Mohammad would greet everyone with smile and always spoke to people with gentleness. It shows that the personality of Prophet Muhammad was pleasant and gentle. A person who would smile most of the times ought to leave a good impression on people.
ObjectId("5e5072c7160e825aac3e2a4d"),pleasant,1231009490931027969,Sat Feb 22 00:15:08 +0000 2020,https://twitter.com/mynnna_eve/statuses/1231009490931027969,went three four possibilities disagreed super deciding worth guessing motivations upside-down_face,@grahamvsworld I went through three or four possibilities that all disagreed with each other before super deciding it wasnâ€™t worth guessing at motivations ğŸ™ƒ
ObjectId("5e5072c7160e825aac3e2a4e"),pleasant,1231009484891279360,Sat Feb 22 00:15:06 +0000 2020,https://twitter.com/SBarnettAuthor/statuses/1231009484891279360,found yesterday millionth draft upside-down_face,@Dewiwrites Found this yesterday after the millionth draft ğŸ™ƒ https://t.co/A0FeZYCE0E
ObjectId("5e5072c7160e825aac3e2a4f"),pleasant,1231009483188506625,Sat Feb 22 00:15:06 +0000 2020,https://twitter.com/_jashey/statuses/1231009483188506625,feels good lol amp done would done yes upside-down_face,@keanaenia It feels good  lol. &amp; Iâ€™ve only had it done to me once. But would I have it done again? Yes.ğŸ™ƒ
ObjectId("5e5072c7160e825aac3e2a50"),pleasant,1231009477698080768,Sat Feb 22 00:15:05 +0000 2020,https://twitter.com/_seannah/statuses/1231009477698080768,deep cleaning apartment lady finally pre move walk say unit gon na whole demo going even worry apartment looks upside-down_face,did all this deep cleaning of our apartment just to have the lady finally do our pre move out walk and say our unit is gonna be a whole demo so theyâ€™re not going to even worry about how the apartment looks ğŸ™ƒ
ObjectId("5e5072c7160e825aac3e2a51"),pleasant,1231009462703546369,Sat Feb 22 00:15:01 +0000 2020,https://twitter.com/AlixIsAllWrite/statuses/1231009462703546369,definitely roadmaps helpful ... even occasionally get used delightful frisbee proverbial window haha upside-down_face,@roboheartbeat Definitely roadmaps are helpful! ...even when they occasionally get used as a delightful frisbee out the proverbial window haha ğŸ™ƒ
ObjectId("5e5072c7160e825aac3e2a52"),pleasant,1231009461105356801,Sat Feb 22 00:15:01 +0000 2020,https://twitter.com/MrDuncanWilson/statuses/1231009461105356801,fair enough slightly_smiling_face like strategy especially since sounds like good person strategy,@garethlpowell Fair enough ğŸ™‚ I like that strategy  especially since it sounds like it was just being a good person  not a strategy.
ObjectId("5e5072c7160e825aac3e2a53"),pleasant,1231009456831582210,Sat Feb 22 00:15:00 +0000 2020,https://twitter.com/xlemondrizzle/statuses/1231009456831582210,yes write time ... literally one job slightly_smiling_face,@loewe_eitherway Yes but they didn't write the time... It was literally their one job ğŸ™‚
ObjectId("5e5072c7160e825aac3e2a54"),pleasant,1231009445343354880,Sat Feb 22 00:14:57 +0000 2020,https://twitter.com/ANeoMulti/statuses/1231009445343354880,cause know still kidz following unamused_face unamused_face likes doe ... upside-down_face,@SUPERI0RTEEZ Cause i just know there's still kidz following me ğŸ˜’ğŸ˜’ but my likes doe.... ğŸ™ƒ
ObjectId("5e5072c7160e825aac3e2a55"),pleasant,1231009441543180289,Sat Feb 22 00:14:56 +0000 2020,https://twitter.com/manicgremlin/statuses/1231009441543180289,tfw going groove something look back reference like oh incorrect upside-down_face late,tfw you were going in your groove on something and look back on the reference again and it's like oh no  this is incorrect ğŸ™ƒ too late now
ObjectId("5e5072c7160e825aac3e2a56"),pleasant,1231009435968995328,Sat Feb 22 00:14:55 +0000 2020,https://twitter.com/Rachel_A_/statuses/1231009435968995328,posts like first horse ride back meal really teach something bigger picture whole person slightly_smiling_face recall post made suddenly allergies bit eye earlier week,@CaraLisette It's the posts like this and your first horse ride back  your meal out  that really teach something.  The bigger picture  of the whole person ğŸ™‚   Can't recall which post  But it made me suddenly have allergies or  a bit in my eye earlier this week
ObjectId("5e5072c7160e825aac3e2a57"),pleasant,1231009411965083648,Sat Feb 22 00:14:49 +0000 2020,https://twitter.com/himan_phemy/statuses/1231009411965083648,validate clueless assumption ma'am slightly_smiling_face meanwhile tagged post smirking_face smirking_face,@motun_xoxo This validate your clueless assumption ma'am ğŸ™‚  Meanwhile you ain't tagged in the post ğŸ˜ğŸ˜
ObjectId("5e5072c7160e825aac3e2a58"),pleasant,1231009408915652610,Sat Feb 22 00:14:48 +0000 2020,https://twitter.com/chuchukelso/statuses/1231009408915652610,ways feel sick right mom mom sounds like flu upside-down_face,Me: these are all the ways I feel sick right now My mom: My mom: it sounds like you have the flu Me: ğŸ™ƒ
ObjectId("5e5072c7160e825aac3e2a59"),pleasant,1231009406197911552,Sat Feb 22 00:14:48 +0000 2020,https://twitter.com/AlphaStoutland/statuses/1231009406197911552,wow good complete utter jerk apparent reason cool upside-down_face,@GatedGardenHome Wow  good on you for being a complete and utter jerk for no apparent reason. You're so cool. ğŸ™ƒ
ObjectId("5e5072c7160e825aac3e2a5a"),pleasant,1231009387751194625,Sat Feb 22 00:14:43 +0000 2020,https://twitter.com/mightyboyc/statuses/1231009387751194625,3 hours sleep sleeping pill assistance taste metal mouth hell yeah upside-down_face,3 hours of sleep with sleeping pill assistance and all I can taste is metal in my mouth hell yeah ğŸ™ƒ
ObjectId("5e5072c7160e825aac3e2a5b"),pleasant,1231009382156115968,Sat Feb 22 00:14:42 +0000 2020,https://twitter.com/sandtats/statuses/1231009382156115968,hi stefan slightly_smiling_face signed onto pete live `` video call '' tonight 8pm received webinar id entered clicking link says expired help weary_face,@TheStefanSmith Hi Stefan.ğŸ™‚ Signed onto Pete's live "Video Call" tonight @ 8pm Received webinar ID #. Entered it after clicking link.  Says it has expired.  HELP!!!ğŸ˜©
ObjectId("5e5072c7160e825aac3e2a5c"),pleasant,1231009381459931136,Sat Feb 22 00:14:42 +0000 2020,https://twitter.com/_flothulhu/statuses/1231009381459931136,bad read little rum switched tea ended beached couch watching haunted christopher lee rasputin quiet pleasant glad cosy indoors wild outside,@garethlpowell Not bad  I read for a little while  had some rum then switched to tea. Ended up beached on the couch watching Most Haunted then Christopher Lee as Rasputin. Itâ€™s been quiet and pleasant and Iâ€™m just glad Iâ€™m cosy indoors because itâ€™s wild outside.
ObjectId("5e5072c7160e825aac3e2a5d"),pleasant,1231009377592791041,Sat Feb 22 00:14:41 +0000 2020,https://twitter.com/JoeCongelAuthor/statuses/1231009377592791041,thanks wonderful 5 white_medium_star review continued support work greatly appreciated slightly_smiling_face,Thanks  @mywritersnook for this wonderful 5â­ï¸review! Your continued support of my work is greatly appreciated!ğŸ™‚ https://t.co/9gRFYjwJUi
ObjectId("5e5072c7160e825aac3e2a5e"),pleasant,1231009360081555457,Sat Feb 22 00:14:37 +0000 2020,https://twitter.com/check_katie/statuses/1231009360081555457,nature wall art workshop open registration designed adult artists â€™ skill love art want fun expanding artistic painting abilities join us laid back fun evening sat mar 28 6 0-9 0 pm artist_palete slightly_smiling_face,Nature Wall Art Workshop is open for registration!  This is designed for adult artistsâ€™ of ANY skill who love art and want to have fun expanding their artistic painting abilities! join us for a laid back and fun evening on Sat  Mar 28 6:00-9:00 pm. https://t.co/dDZV7b7sOI ğŸ¨ğŸ™‚ https://t.co/HlVfyLpQ84
ObjectId("5e5072c7160e825aac3e2a5f"),pleasant,1231009340087296002,Sat Feb 22 00:14:32 +0000 2020,https://twitter.com/LouTwoShoes/statuses/1231009340087296002,day 3 4 sick think plague soon take upside-down_face,Day 3 or 4 of being sick  I think this plague will soon take me. ğŸ™ƒ https://t.co/tlopIMpNbl
ObjectId("5e5072c7160e825aac3e2a60"),pleasant,1231009329454575616,Sat Feb 22 00:14:29 +0000 2020,https://twitter.com/apple_shamp0o/statuses/1231009329454575616,god sure sense humor literally terrified short girls best friends 5 feet tall slightly_smiling_face,God sure does have a sense of humor because I am literally terrified of short girls and all my best friends are all about 5 feet tall ğŸ™‚
ObjectId("5e5072c7160e825aac3e2a61"),pleasant,1231009325294006272,Sat Feb 22 00:14:28 +0000 2020,https://twitter.com/opshorton1/statuses/1231009325294006272,handful images today little trip dover see brand new cruise liner mr branson scarlet lady virgin voyage slightly_smiling_face forgetting iconic dover castle scarletlady virginvoyages cruiseship dovercastle dover cruiseterminal,A handful of images from todayâ€™s little trip to Dover  to see the brand new cruise liner from Mr Branson  the Scarlet Lady  Virgin Voyage ğŸ™‚ and not forgetting the iconic Dover Castle! #ScarletLady #virginvoyages #cruiseship #dovercastle #dover #cruiseterminal https://t.co/oyKa2KavkX
ObjectId("5e5072c7160e825aac3e2a62"),pleasant,1231009318910119936,Sat Feb 22 00:14:27 +0000 2020,https://twitter.com/aiiyljclc/statuses/1231009318910119936,goes recent toy dolls would rather spend money substantial content like music upside-down_face,@ygofficialblink This goes for the recent toy dolls too. I'd rather spend my money on substantial content like music ğŸ™ƒ
ObjectId("5e5072c7160e825aac3e2a63"),pleasant,1231009315932295169,Sat Feb 22 00:14:26 +0000 2020,https://twitter.com/ImFkin_Awesome/statuses/1231009315932295169,long week sick emotionally exhausted glad let drink upside-down_face,This was a long week! I was sick and emotionally exhausted. Iâ€™m glad itâ€™s over with. Now letâ€™s drink ğŸ™ƒ
ObjectId("5e5072c7160e825aac3e2a64"),pleasant,1231009258243686401,Sat Feb 22 00:14:12 +0000 2020,https://twitter.com/TheTwinPowers/statuses/1231009258243686401,thank paula folded_hands nature though challenges young man obscure somewhat fortunately unclouding years continue may lovely evening thumbs_up slightly_smiling_face,@CrystalGlistens Thank you Paula ğŸ™ It's my nature though my challenges as a young man did obscure it somewhat. Fortunately I've been unclouding it over the years and continue to do so.   May you have a lovely evening! ğŸ‘ğŸ™‚
ObjectId("5e5072c7160e825aac3e2a65"),pleasant,1231009244742389760,Sat Feb 22 00:14:09 +0000 2020,https://twitter.com/JustinMaxwell7/statuses/1231009244742389760,says good good double_exclamation_mark OK_hand pureruning shoplocal thumbs_up slightly_smiling_face,@purerunningshop @martyrea23 @ComradesRace @LondonMarathon If @martyrea23 says they're good  they're goodâ€¼ï¸ğŸ‘Œ#PureRunning #shoplocal ğŸ‘ğŸ™‚
ObjectId("5e5072c7160e825aac3e2a66"),pleasant,1231009237591044098,Sat Feb 22 00:14:07 +0000 2020,https://twitter.com/sortameta/statuses/1231009237591044098,today awful even happy today friday work literally every day upside-down_face,Today has been awful. I can't even be happy today is Friday because I work literally every day ğŸ™ƒ
ObjectId("5e5072c7160e825aac3e2a67"),pleasant,1231009234772324352,Sat Feb 22 00:14:07 +0000 2020,https://twitter.com/daisyalcala12/statuses/1231009234772324352,period makes wan na another baby upside-down_face cramps ni quien los aguante,Being on my period makes me just wanna have another baby ğŸ™ƒ These cramps   ni quien los aguante
ObjectId("5e5072c7160e825aac3e2a68"),pleasant,1231009229936496640,Sat Feb 22 00:14:06 +0000 2020,https://twitter.com/cyndaquilla/statuses/1231009229936496640,excited see though put clothes away love god upside-down_face,I'm excited to see him though.   Just. Put your clothes away for the love of god ğŸ™ƒ
ObjectId("5e5072c7160e825aac3e2a69"),pleasant,1231009220989988864,Sat Feb 22 00:14:03 +0000 2020,https://twitter.com/_nbenavides/statuses/1231009220989988864,conoce reminds omf driver playing like upside-down_face face_with_tears_of_joy,no me conoce reminds me of oomf and our driver over here has been playing it like ğŸ™ƒğŸ˜‚
ObjectId("5e5072c7160e825aac3e2a6a"),pleasant,1231009208750919680,Sat Feb 22 00:14:01 +0000 2020,https://twitter.com/samikitten/statuses/1231009208750919680,2 first one including new ones need like 9 upside-down_face,@BeanieJedi33 @OriginalFunko @WonderWomanFilm @warnerbros @DCComics @HotTopic @Walmart @BoxLunchGifts @Target @amazon @GalGadot @PattyJenks I have 2 from the first one  not including these new ones I need like 9 ğŸ™ƒ
ObjectId("5e5072c7160e825aac3e2a6b"),pleasant,1231009207526227968,Sat Feb 22 00:14:00 +0000 2020,https://twitter.com/exiul4ever/statuses/1231009207526227968,bet fighter say something stupid ruin everything next episode upside-down_face whyruep5,I bet fighter will say something stupid and ruin everything next episode ğŸ™ƒ #WHYRUep5
ObjectId("5e5072c7160e825aac3e2a6c"),pleasant,1231009204502245383,Sat Feb 22 00:14:00 +0000 2020,https://twitter.com/Miyahh18555932/statuses/1231009204502245383,naw see ... hy saw dat shit slightly_smiling_face omg flushed_face yhu gon str8 like gim lap dance no *grabs kneck* wah tell yhu okay by loudly_crying_face twerkin givin lap dance nd got hard jumped cs by raised_hand_medium_skin_tone loudly_crying_face,him: naw ain't see it... hy i saw dat shit ğŸ™‚. me: omg ğŸ˜³ him: yhu gon be str8 so he was like gimme a lap dance me: noo him:*grabs my kneck* wah i tell yhu ? me: okayy bby ğŸ˜­. so I'm twerkin on him givin him a lap dance nd he got hard so i jumped up cs no bby âœ‹ğŸ½ğŸ˜­.
ObjectId("5e5072c7160e825aac3e2a6d"),pleasant,1231009203403153411,Sat Feb 22 00:13:59 +0000 2020,https://twitter.com/chillhartman/statuses/1231009203403153411,meant buy ages ago ended getting enamored tokyo maze am1 forgot still super affordable market though think im investing slightly_smiling_face,@kyliesparks i meant to buy them ages ago and ended up just getting enamored with my tokyo maze am1's and forgot. they are still super affordable after market though so i think im investing. ğŸ™‚
ObjectId("5e5072c7160e825aac3e2a6e"),pleasant,1231009197023748096,Sat Feb 22 00:13:58 +0000 2020,https://twitter.com/JustBeingKimee/statuses/1231009197023748096,hardship unpaid medical bills least 200 thanks slightly_smiling_face mskime,@pulte My hardship is that I have an unpaid medical bills of at least $2000. Thanks! ğŸ™‚ $mskimee
ObjectId("5e5072c7160e825aac3e2a6f"),pleasant,1231009189721452546,Sat Feb 22 00:13:56 +0000 2020,https://twitter.com/Miyahh18555932/statuses/1231009189721452546,mk practice 4th block went dance room nd changed w.e slightly_smiling_face dancin w.e lokin cute rly fye loudly_crying_face majorete btw nd captain face_with_tongue f eb left nd jus inside goin ova routines w.e one point got board nd put,mk so I had practice during 4th block so I had went to the dance room nd changed or w.e ğŸ™‚. so we dancin or w.e lookin cute we rlly fye ğŸ˜­. ( I do majorete btw nd I'm the captain ğŸ˜›) FF eb left nd I'm jus inside goin ova the routines or w.e   so at one point at got board nd put -
ObjectId("5e5072c7160e825aac3e2a70"),pleasant,1231009171132309505,Sat Feb 22 00:13:52 +0000 2020,https://twitter.com/PassportPanda/statuses/1231009171132309505,favorite kind weekend get along better guys girls upside-down_face,@MYSTIC7 This is my favorite kind of weekend. This is why I get along better with guys than girls ğŸ™ƒ
ObjectId("5e5072c7160e825aac3e2a71"),pleasant,1231009164937351173,Sat Feb 22 00:13:50 +0000 2020,https://twitter.com/037RAVA9E/statuses/1231009164937351173,bi shit messy upside-down_face â€™ ever fw another female man together amp want youn kno approach cus probably wan na beat yo ass loudly_crying_face loudly_crying_face weary_face,This bi shit messy ğŸ™ƒ yâ€™all ever fw  another female man (while they wasnâ€™t together) &amp; you want her too but youn kno how to approach it cus she probably wanna beat yo ass? ğŸ˜­ğŸ˜­ğŸ˜©
ObjectId("5e5072c7160e825aac3e2a72"),pleasant,1231009163767140352,Sat Feb 22 00:13:50 +0000 2020,https://twitter.com/ralf19_ace/statuses/1231009163767140352,send us cc guys want apology accepted slightly_smiling_face,@DB_Legends @DBLegendsENG Send us more cc if you guys want your apology accepted ğŸ™‚
ObjectId("5e5072c7160e825aac3e2a73"),pleasant,1231009163129417729,Sat Feb 22 00:13:50 +0000 2020,https://twitter.com/tiny_direwolf/statuses/1231009163129417729,lol guess cancelled fence upside-down_face,@rainyjager @aravosis Lol I guess we cancelled each other out. I was on the fence and now Iâ€™m in ğŸ™ƒ
ObjectId("5e5072c7160e825aac3e2a74"),pleasant,1231009161238007814,Sat Feb 22 00:13:49 +0000 2020,https://twitter.com/KeeyLoLo_/statuses/1231009161238007814,â€™ acting like perfect christians sure know disrespectful plenty people upside-down_face,Some of yâ€™all out here acting like the perfect Christians sure do know how to be disrespectful to PLENTY of people ğŸ™ƒ
ObjectId("5e5072c7160e825aac3e2a75"),pleasant,1231009159447031816,Sat Feb 22 00:13:49 +0000 2020,https://twitter.com/msangiemoon/statuses/1231009159447031816,mcdonalds could made vegan chicken mcnugets milkshakes instead upside-down_face,McDonalds could have made vegan chicken mcnuggets and milkshakes instead. ğŸ™ƒ https://t.co/LgavMaxhUr
ObjectId("5e5072c7160e825aac3e2a76"),pleasant,1231009157278502912,Sat Feb 22 00:13:48 +0000 2020,https://twitter.com/chr1sj89/statuses/1231009157278502912,know patient turn interpreter radiologist paid hospital watching patients issues upside-down_face could sick,@bbcquestiontime How does she know about this patient who didnâ€™t turn up and the interpreter and radiologist were paid ? What was she doing in hospital watching over other patients issues ğŸ™ƒ. Couldnâ€™t have been that sick to have been there herself
ObjectId("5e5072c7160e825aac3e2a77"),pleasant,1231009156452290560,Sat Feb 22 00:13:48 +0000 2020,https://twitter.com/wild_julian/statuses/1231009156452290560,saturday tips chelmsford 7.30 batchelor boy 10/3 kempton 12.40 downtown getaway 4/1 2.25 song someone 9/4 3.35 black corton 6/1 4.45 bothil 3/1 lingfield 2.05 furious 3/1 nap 3.50 goring 1/2 nb 4.5 amsby 16/1ew newcastle 2.45 financial outcome 9/1 slightly_smiling_face horse_racing thumbs_up man_detective,Saturdayâ€™s tips Chelmsford 7.30 Batchelor Boy 10/3 Kempton 12.40 Downtown Getaway 4/1 2.25 Song For Someone 9/4 3.35 Black Corton 6/1 4.45 Boothill 3/1 Lingfield 2.05 Furious 3/1(Nap) 3.50 Goring 11/2(NB) 4.55 Amsby 16/1ew Newcastle 2.45 Financial Outcome 9/1 ğŸ™‚ğŸ‡ğŸ‘ğŸ•µï¸â€â™‚ï¸
ObjectId("5e5072c7160e825aac3e2a78"),pleasant,1231009152186621952,Sat Feb 22 00:13:47 +0000 2020,https://twitter.com/LoveMilanKm/statuses/1231009152186621952,lmao popping shit like crazy cause amp nigga strapped slightly_smiling_face,Lmao this me. I be popping my shit like crazy cause me &amp; that nigga strapped. ğŸ™‚ https://t.co/UALgPd5gER
ObjectId("5e5072c7160e825aac3e2a79"),pleasant,1231009145949605888,Sat Feb 22 00:13:46 +0000 2020,https://twitter.com/paul_eleven/statuses/1231009145949605888,hi nichole monday yes working tonight slightly_smiling_face red_heart,@BonolloNichole @Michael28710212 @69hollywood78 @StuBishop_LPD @SBCSDdgarcia @SBCSDjramstad @k9sofvalor @LivePDNation @officer_jill @DentonCountyDA @LawrencevillePD @MuscuttRachel @DSiflingWCPDPIO @GrannyGail31 @CoachAgno @Max_n_Ruby @ChrisNocco @b_smith581 @DeputyDuvall @bo_vann @DD8122 @CKingery_LPD @MikeMuscutt @OfficerMorton @DSDeputyMarshal @OHPLTLosurdo @Bill_Burt_409 @Sean_C_Larkin @AngelineDC Hi Nichole! It's my Monday  so yes  I'm working tonight.  ğŸ™‚ â¤
ObjectId("5e5072c7160e825aac3e2a7a"),pleasant,1231009137783443456,Sat Feb 22 00:13:44 +0000 2020,https://twitter.com/chasehukill/statuses/1231009137783443456,map find online suppose pleasant trail going around us somthing thinking buddies,@Valspire there is a map you can find online that is suppose to be the most pleasant trail for going around the us and its somthing i was thinking about doing with my buddies
ObjectId("5e5072c7160e825aac3e2a7b"),pleasant,1231009130267037696,Sat Feb 22 00:13:42 +0000 2020,https://twitter.com/LeroyBeresford/statuses/1231009130267037696,choice feel way man_shruging_medium-dark_skin_tone glad bernie good primary slightly_smiling_face hopefully person votes nominee,@TexasNewsHound @mcnabb_jenny @JoeBiden And that's your choice to feel that way ğŸ¤·ğŸ¾â€â™‚ï¸. Glad Bernie has been doing good In the primary ğŸ™‚ hopefully the person with the most votes will be the nominee
ObjectId("5e5072c7160e825aac3e2a7c"),pleasant,1231009120590929920,Sat Feb 22 00:13:40 +0000 2020,https://twitter.com/JorgeDoesPBL/statuses/1231009120590929920,thank much slightly_smiling_face,@CodaKid @iste @Mrsfrogteach @dailystem @Michelle4EDU @Joshua__Stamper @Rosielivenlearn @mraspinall @JaimeDonally @TheTechRabbi @TheKevinJButler @jennifermappel Thank you so much ğŸ™‚
ObjectId("5e5072c7160e825aac3e2a7d"),pleasant,1231009118795644929,Sat Feb 22 00:13:39 +0000 2020,https://twitter.com/kentcdodds/statuses/1231009118795644929,could said better people always surprised hear also care test `` categories '' honestly know people care much upside-down_face,@ryanflorence @acdlite Couldn't have said it better myself. People are always surprised to hear that I also don't care about test "categories". I honestly don't know why people care so much ğŸ™ƒ
ObjectId("5e5072c7160e825aac3e2a7e"),pleasant,1231009118355369984,Sat Feb 22 00:13:39 +0000 2020,https://twitter.com/ElosserDonna/statuses/1231009118355369984,thanks alan blue_heart slightly_smiling_face happy friday yes malcolm x great man days hard find face_with_roling_eyes great weekend resisters blue_heart water_wave water_wave woman_surfing water_wave,@AllanMargolin @spiritdance33 @ShiCooks @cureworks @MaxineSykes @AllThingzTRUMP @televangelist @DNAtv @StabbyClown @h8Wankmaggot45 @StarWarsResists @drfrances @washumom @Bebes_Scrubs @EdHull8 Thanks Allan ğŸ’™ğŸ™‚  Happy Friday !  Yes   Malcolm X was a GREAT MAN.  These days  that's so HARD to findğŸ™„.   Have a great weekend Resisters ! ğŸ’™ğŸŒŠğŸŒŠğŸ„â€â™€ï¸ğŸŒŠ https://t.co/TQzmo7zJNy
ObjectId("5e5072c7160e825aac3e2a7f"),pleasant,1231009110059094017,Sat Feb 22 00:13:37 +0000 2020,https://twitter.com/WonkyunsDemon/statuses/1231009110059094017,ok slightly_smiling_face ... also monstax talented kpop group released first english language album talking mature topics masterpiece time curious please check songs black_heart smiling_face,@vlisstear @chartdata ok ğŸ™‚...ALSO #MONSTAX  is a very talented kpop group who just released their first English language album  talking about very mature topics  A MASTERPIECE. If you have time and are at all curious  please check out some of their songs! ğŸ–¤â˜ºï¸@OfficialMonstaX https://t.co/xHfefk9e65 https://t.co/BcxvG1f52D
ObjectId("5e5072c7160e825aac3e2a80"),pleasant,1231009092526800896,Sat Feb 22 00:13:33 +0000 2020,https://twitter.com/MusicDAVIDMCKAY/statuses/1231009092526800896,headphone surprise honor/pleasure sing tune w/me got ta say truly one fun times onstage studio_microphone fire fire come sing/laugh/dance/chil w/me tonight 8-9ishpm slightly_smiling_face,ğŸ§ I had the surprise honor/pleasure of having @mshockedrox sing a @paulsimonofficial tune w/me at @cafebohemianyc which I gotta say was was truly one of the most fun times Iâ€™ve had onstage!ğŸ™ğŸ”¥ğŸ”¥Come sing/laugh/dance/chill w/me TONIGHT 8-9ishpm!ğŸ™‚ https://t.co/b8KZIZr7V0
ObjectId("5e5072c7160e825aac3e2a81"),pleasant,1231009072494850049,Sat Feb 22 00:13:28 +0000 2020,https://twitter.com/realpetekennedy/statuses/1231009072494850049,exciting date diary slightly_smiling_face guitar studio_microphone musical_score looking forward knocking tunes guys march 7th 3pm bradyfest2020 songwritershow,Exciting date for your diary ğŸ™‚ğŸ¸ğŸ™ï¸ğŸ¼ looking forward to knocking out some tunes with @_JohnnyBrady and the guys March 7th 3PM  #BradyFest2020 #SongwriterShow https://t.co/JJhzDz5Poo
ObjectId("5e5072c7160e825aac3e2a82"),pleasant,1231009058510888961,Sat Feb 22 00:13:25 +0000 2020,https://twitter.com/starhopepage/statuses/1231009058510888961,ever wish could get know someone like someone see want hear life story understand got point life hard communicate properly someone without sounding creepy goly upside-down_face sunflower,You ever wish you could just get to know someone? Like - someone you see. You want to hear their life story to understand them and how they got to that point in their life.   It's so hard to communicate this properly to someone without sounding creepy golly. ğŸ™ƒğŸŒ»
ObjectId("5e5072c7160e825aac3e2a83"),pleasant,1231009054706761728,Sat Feb 22 00:13:24 +0000 2020,https://twitter.com/cyndaquilla/statuses/1231009054706761728,pick dustin airport like 10 minutes swear god gets home try throw shit anywhere dresser deep cleaned entire room ama upside-down_face,I pick dustin up from the airport in like 10 minutes and I swear to God if he gets home and try's to throw his shit anywhere but in the dresser after I deep cleaned this entire room I'ma ğŸ™ƒ
ObjectId("5e5072c7160e825aac3e2a84"),pleasant,1231009049443028992,Sat Feb 22 00:13:23 +0000 2020,https://twitter.com/everyemojiman/statuses/1231009049443028992,â € â € â € slightly_smiling_face Panama Panama Panama Panama Panama Panama backhand_index_pointing_down Panama Panama backhand_index_pointing_down Panama Panama Panama Panama running_shoe running_shoe hi panama emoji man,â € â € â €  ğŸ™‚ ã€€   ğŸ‡µğŸ‡¦ ğŸ‡µğŸ‡¦ ğŸ‡µğŸ‡¦     ğŸ‡µğŸ‡¦ã€€ğŸ‡µğŸ‡¦ã€€ğŸ‡µğŸ‡¦    ğŸ‘‡ ã€€ğŸ‡µğŸ‡¦ğŸ‡µğŸ‡¦ã€€ğŸ‘‡   ã€€  ğŸ‡µğŸ‡¦ã€€ğŸ‡µğŸ‡¦ ã€€   ğŸ‡µğŸ‡¦ã€€ ğŸ‡µğŸ‡¦ ã€€   ğŸ‘Ÿã€€ğŸ‘Ÿ Hi  I'm the Panama emoji man
ObjectId("5e5072c7160e825aac3e2a85"),pleasant,1231009046343360520,Sat Feb 22 00:13:22 +0000 2020,https://twitter.com/UncleStan17/statuses/1231009046343360520,pete cerebral pleasant two words never ever used describe trump,Pete is cerebral and pleasant  two words never  ever used to describe Trump @realDonaldTrump @MikeBloomberg @SpeakerPelosi @Scaramucci @gtconway3d @RepAdamSchiff @JoeBiden @ProjectLincoln @SenSanders @
ObjectId("5e5072c7160e825aac3e2a86"),pleasant,1231009034859188225,Sat Feb 22 00:13:19 +0000 2020,https://twitter.com/Zangar__/statuses/1231009034859188225,deal anxiety pitch familiar upside-down_face esa executive sass assistant cause,@Kappadotjpg I can deal with the anxiety pitch  I'm familiar ğŸ™ƒ Is ESA executive sass assistant? Cause I'm there.
ObjectId("5e5072c7160e825aac3e2a87"),pleasant,1231009031956787200,Sat Feb 22 00:13:18 +0000 2020,https://twitter.com/FreConsBo/statuses/1231009031956787200,hey grateful slightly_smiling_face mean many could wish could stock photo model face_with_roling_eyes says guy used one campus grining_face_with_sweat,@SimuLiu Hey  be grateful! ğŸ™‚ I mean  many could only wish they could be a Stock Photo model. ğŸ™„  (Says the guy who used to be one for his campus ğŸ˜…)
ObjectId("5e5072c7160e825aac3e2a88"),pleasant,1231009028723048450,Sat Feb 22 00:13:18 +0000 2020,https://twitter.com/aliciateasdale/statuses/1231009028723048450,tried slightly drunk still 1 ... try harder next time upside-down_face,@KelseyPenrice Just tried this slightly drunk  can still only do 1... will try harder next time ğŸ™ƒ
ObjectId("5e5072c7160e825aac3e2a89"),pleasant,1231009028093833216,Sat Feb 22 00:13:17 +0000 2020,https://twitter.com/tenlmao/statuses/1231009028093833216,wan na pay octane version support rtx cards upside-down_face might buy ig,Donâ€™t wanna pay for octane but the version I have doesnâ€™t support RTX cards ğŸ™ƒ might have to just buy it ig
ObjectId("5e5072c7160e825aac3e2a8a"),pleasant,1231009027544375296,Sat Feb 22 00:13:17 +0000 2020,https://twitter.com/jlesterilagan/statuses/1231009027544375296,let people think whatever want ikukulong ka lang ng mga tao sa mga opinyon nila matter anyway matters god thinks youâ€” amazing deeply loved valued upside-down_face,Let people think whatever they want about you. Ikukulong ka lang ng mga tao sa mga opinyon nila. They don't matter anyway. What matters most is how God thinks of youâ€” you are amazing. You are deeply loved and valued by Him. ğŸ™ƒ
ObjectId("5e5072c7160e825aac3e2a8b"),pleasant,1231009017373261828,Sat Feb 22 00:13:15 +0000 2020,https://twitter.com/kayyboo_94/statuses/1231009017373261828,currently needing buy new insulin pump new continuous glucose monitor get much needed dental procedure done top making sure rent/utilities paid groceries house upside-down_face,@pulte Currently needing to buy a new insulin pump  a new continuous glucose monitor  and get a much needed dental procedure done. On top of making sure rent/utilities are paid and groceries are at the house. ğŸ™ƒ
ObjectId("5e5072c7160e825aac3e2a8c"),pleasant,1231009009945190400,Sat Feb 22 00:13:13 +0000 2020,https://twitter.com/JaquiTAN09/statuses/1231009009945190400,bulletproof eternal loudly_crying_face purple_heart good meaningful slightly_smiling_face,@yourlocalheroo @mrskimseokjin96 We Are Bulletproof: The Eternal ğŸ˜­ğŸ’œ It's so good and meaningful ğŸ™‚
ObjectId("5e5072c7160e825aac3e2a8d"),pleasant,1231009003162890245,Sat Feb 22 00:13:12 +0000 2020,https://twitter.com/ebedolla_/statuses/1231009003162890245,bro like saying â€œ sabo â€ instead se wrong slightly_smiling_face,@roberto89277 @YarielDon Bro itâ€™s like saying â€œno saboâ€ instead of no se  itâ€™s wrong ğŸ™‚
ObjectId("5e5072c7160e825aac3e2a8e"),pleasant,1231008997580341248,Sat Feb 22 00:13:10 +0000 2020,https://twitter.com/ogmmpurple_93/statuses/1231008997580341248,thank slightly_smiling_face yelow_heart,@nakspowerangers @rangerchronpod @SDagger02 @pkart14 @TheJohnnoMay @JessicaCrls @ShahinShakar @marc12555 @animatorsupport @ThePowerRangers @ninja_shopping @halbugdennis @michelle15mar @crashpalace @bebizzy @AlexKalogiannis @Ipatel6071 @dangaul @hsnarft @patiencetoperf And thank you ğŸ™‚ğŸ’›
ObjectId("5e5072c7160e825aac3e2a8f"),pleasant,1231008984552722434,Sat Feb 22 00:13:07 +0000 2020,https://twitter.com/ojoz_azulez/statuses/1231008984552722434,friend chill guy fun guy game ... .i feel like would fit slightly_smiling_face,@OfficialOSCG My friend @VibeKiingz is a chill guy and a fun guy to game with....i feel like he would fit in here ğŸ™‚
ObjectId("5e5072c7160e825aac3e2a90"),pleasant,1231008972968267778,Sat Feb 22 00:13:04 +0000 2020,https://twitter.com/hourglassrebel/statuses/1231008972968267778,fact-check look claims thats good way working someone god-faith slightly_smiling_face,@dahlia3 @PeteButtigieg @realDonaldTrump How about this - you fact-check me  look up each of my claims? Thats a good way of working out if someone is being good-faith or not ğŸ™‚
ObjectId("5e5072c7160e825aac3e2a91"),pleasant,1231008952999194624,Sat Feb 22 00:13:00 +0000 2020,https://twitter.com/jacobccv/statuses/1231008952999194624,today waiting year subscription slightly_smiling_face,@eMalaGupta @jetbrains @devnexus I did today. Waiting for the year's subscription ğŸ™‚
ObjectId("5e5072c7160e825aac3e2a92"),pleasant,1231008949631057920,Sat Feb 22 00:12:59 +0000 2020,https://twitter.com/BassHeadRob/statuses/1231008949631057920,nothing like opening wallet pay whips l falls counter upside-down_face,Nothing like opening your wallet to pay for your whips and your L falls on the counter ğŸ™ƒ
ObjectId("5e5072c7160e825aac3e2a93"),pleasant,1231008937429745664,Sat Feb 22 00:12:56 +0000 2020,https://twitter.com/AlizabelAnn_/statuses/1231008937429745664,lucky barely hit halfway husband gone since october upside-down_face,@NamasteNoelle Lucky! We barely hit halfway and my husbandâ€™s been gone since October ğŸ™ƒ
ObjectId("5e5072c7160e825aac3e2a94"),pleasant,1231008928537993219,Sat Feb 22 00:12:54 +0000 2020,https://twitter.com/ogmmpurple_93/statuses/1231008928537993219,welcome slightly_smiling_face yelow_heart,@nakspowerangers @seancwjohnson @ASJAustin @StuartGreen2018 @CapKillian204 @CampbellCooley @cbain00 @justin_nimmo Youâ€™re welcome ğŸ™‚ğŸ’›
ObjectId("5e5072c7160e825aac3e2a95"),pleasant,1231008926751186944,Sat Feb 22 00:12:53 +0000 2020,https://twitter.com/luvvofquidditch/statuses/1231008926751186944,theme week feel like totally dying must getting better ... right *check temperature* 103Â°f upside-down_face,the theme of my week has been -  I don't feel like totally dying I must be getting better...right ?  *Check my temperature*  103Â°F ğŸ™ƒ
ObjectId("5e5072c7160e825aac3e2a96"),pleasant,1231008919167827968,Sat Feb 22 00:12:52 +0000 2020,https://twitter.com/KrisDaPlug/statuses/1231008919167827968,play cup reason wait komplex come slightly_smiling_face,@FortniteGame had me play in that cup for no reason   now we wait for komplex to come out ğŸ™‚.
ObjectId("5e5072c7160e825aac3e2a97"),pleasant,1231008916223537153,Sat Feb 22 00:12:51 +0000 2020,https://twitter.com/SRTristan/statuses/1231008916223537153,watched first episode torchwod first time since aired still strong sign even bother really upside-down_face,Watched the first episode of #Torchwood for the first time since it aired and it's still strong. But no sign of @regrettefilms so why did we even bother really? ğŸ™ƒ
ObjectId("5e5072c7160e825aac3e2a98"),pleasant,1231008901950099458,Sat Feb 22 00:12:47 +0000 2020,https://twitter.com/implurfectt/statuses/1231008901950099458,feel honored pl automatically speak spanish feel like shit cuz shy shitty spanish upside-down_face,I feel honored when ppl automatically speak to me in Spanish but then I feel like shit cuz Iâ€™m shy about my shitty Spanish ğŸ™ƒ
ObjectId("5e5072c7160e825aac3e2a99"),pleasant,1231008896858382336,Sat Feb 22 00:12:46 +0000 2020,https://twitter.com/altwood2010/statuses/1231008896858382336,absolutely love capture claping_hands claping_hands claping_hands brilliant slightly_smiling_face thumbs_up_light_skin_tone,@D_Houston @ScottishField @welcomescotland @NikonEurope @ScotlandTBP @TGOMagazine @OEmagazine @ScotsMagazine @keswickbootco @LivingTLOL @Countrylifemag I absolutely love this capture ğŸ‘ğŸ‘ğŸ‘Brilliant!!!!! ğŸ™‚ğŸ‘ğŸ»
ObjectId("5e5072c7160e825aac3e2a9a"),pleasant,1231008885525209088,Sat Feb 22 00:12:44 +0000 2020,https://twitter.com/moriyoshijon/statuses/1231008885525209088,pf needs london really yes come back la show around slightly_smiling_face 7 years long,@Kayteaface Pfff who needs London! (but really yes come back to LA and I can show you around ğŸ™‚ 7 years is too long!)
ObjectId("5e5072c7160e825aac3e2a9b"),pleasant,1231008883121868800,Sat Feb 22 00:12:43 +0000 2020,https://twitter.com/Cerberu21014829/statuses/1231008883121868800,yeah framing ... bad penny murray tell ... ... journalist author ... duno seem kind authority public health epidemiology thinking_face get opinion pieces written people whose opinions valid upside-down_face,@EnzerEnzer Yeah. The framing is... Bad.   Penny Murray  from what I can tell  is a...... journalist? author...? I dunno. Does not seem to be any kind of authority on public health or epidemiology ğŸ¤”  @NZStuff Why not get such opinion pieces written by people whose opinions are more valid?ğŸ™ƒ
ObjectId("5e5072c7160e825aac3e2a9c"),pleasant,1231008882673291266,Sat Feb 22 00:12:43 +0000 2020,https://twitter.com/KellyKtc/statuses/1231008882673291266,retwet every week could use reminder slightly_smiling_face,@SpiroAgnewGhost Can you retweet this every week or so  I could use the reminder? ğŸ™‚
ObjectId("5e5072c7160e825aac3e2a9d"),pleasant,1231008877405253633,Sat Feb 22 00:12:42 +0000 2020,https://twitter.com/MoistOwletteOff/statuses/1231008877405253633,gon na go whole freakin alphabet point upside-down_face face_with_tears_of_joy,@BusyMatches @BB_MACK Gonna go through the whole freakin' alphabet at this point. ğŸ™ƒğŸ˜‚
ObjectId("5e5072c7160e825aac3e2a9e"),pleasant,1231008876746567680,Sat Feb 22 00:12:41 +0000 2020,https://twitter.com/hot_perkertney/statuses/1231008876746567680,nothing safe golden age narcissism nothing upside-down_face goldenageofnarcisism,@whoissyntax @BillowsOnAir Nothing is safe in the golden age of #narcissism. Nothing ğŸ™ƒ #goldenageofnarcissism
ObjectId("5e5072c7160e825aac3e2a9f"),pleasant,1231008863907872768,Sat Feb 22 00:12:38 +0000 2020,https://twitter.com/HowieMooney/statuses/1231008863907872768,came number extrapolation number 98-point-something round 9. slightly_smiling_face,@Media_Mike_Ott When I came up with that number  I did an extrapolation and the number was 98-point-something.  So from that  round up to 99.  ğŸ™‚
ObjectId("5e5072c7160e825aac3e2aa0"),pleasant,1231008848242257921,Sat Feb 22 00:12:35 +0000 2020,https://twitter.com/fxcinprincess/statuses/1231008848242257921,back home literally sleep uncomfortable hubby shut snoring dog keeps barking feel thrown upside-down_face,Back home and I literally can't sleep. I'm so uncomfortable  hubby won't shut up snoring and the dog keeps barking. I just feel so thrown off ğŸ™ƒ
ObjectId("5e5072c7160e825aac3e2aa1"),pleasant,1231008845318803457,Sat Feb 22 00:12:34 +0000 2020,https://twitter.com/420Jagx/statuses/1231008845318803457,difference voting yang primary voting general upside-down_face,@ATellerOfTruth Thereâ€™s a difference between voting for Yang in the primary and voting for him in the general ğŸ™ƒ
ObjectId("5e5072c7160e825aac3e2aa2"),pleasant,1231008823734829056,Sat Feb 22 00:12:29 +0000 2020,https://twitter.com/JennWeatherFans/statuses/1231008823734829056,wanted share latest instagram post slightly_smiling_face wonderful news jenifer back on-air starting tomorrow morning wait see beautiful smile awesome personality friend huging_face heart_with_arow heart_with_ribon jenifercorea teamjenifercorea,Wanted to share @JenniferWXwoman's latest Instagram post ğŸ™‚ Wonderful news!! Jennifer will be back on-air starting tomorrow morning! Can't wait to see your beautiful smile and awesome personality again  my friend! ğŸ¤—ğŸ’˜ğŸ’ https://t.co/k1paT1CLTz #JenniferCorrea #TeamJenniferCorrea
ObjectId("5e5072c7160e825aac3e2aa3"),pleasant,1231008789538713601,Sat Feb 22 00:12:21 +0000 2020,https://twitter.com/HossMackintosh/statuses/1231008789538713601,maybe could build Â£10b drain hs2 thinking_face might help upside-down_face,@GaryDalziel1 Maybe they could build a Â£100B drain under HS2? ğŸ¤”  That might help?ğŸ™ƒ
ObjectId("5e5072c7160e825aac3e2aa4"),pleasant,1231008784820121600,Sat Feb 22 00:12:19 +0000 2020,https://twitter.com/lewtheycollide/statuses/1231008784820121600,experienced fanciful mirage life could moment time made two specific decisions differently needless say winding pleasant evening convinced fucking idiot,Just experienced a fanciful mirage of what my life could have been at this moment in time had I made two specific decisions differently. Needless to say I will be winding up a very pleasant evening convinced that I'm a fucking idiot.
ObjectId("5e5072c7160e825aac3e2aa5"),pleasant,1231008780177018881,Sat Feb 22 00:12:18 +0000 2020,https://twitter.com/fofequis/statuses/1231008780177018881,oh yes final distance good like ballad hits feelings loudly_crying_face prefer original distance instrumental sounds pleasant ears,@blcklakes Oh yes Final Distance is so good like that ballad hits my feelingsğŸ˜­ I prefer the original distance because the instrumental sounds so pleasant in my ears
ObjectId("5e5072c7160e825aac3e2aa6"),pleasant,1231008772287533056,Sat Feb 22 00:12:17 +0000 2020,https://twitter.com/xomagmarie/statuses/1231008772287533056,guys.. care whatever going mind.. decide go girl gym.. 9/10 want talk upside-down_face,guys.. i donâ€™t care whatever is going through your mind.. donâ€™t decide to go up to a girl at the gym.. 9/10 they donâ€™t want to talk to you ğŸ™ƒ
ObjectId("5e5072c7160e825aac3e2aa7"),pleasant,1231008753664872453,Sat Feb 22 00:12:12 +0000 2020,https://twitter.com/mygbgvlife/statuses/1231008753664872453,looks like road trip nose work today paw_prints automobile slightly_smiling_face mygbgvlife adogslife hapyhound travelingdog travelingwithdogs hapydog ontheroad gbgv grandbasetgrifonvenden frenchound scenthound,Looks like a road trip for nose work today! ğŸ¾ğŸš—ğŸ™‚ #mygbgvlife #adogslife #happyhound #travelingdog #travelingwithdogs #happydog #ontheroad #GBGV #grandbassetgriffonvendeen #frenchhound #scenthound https://t.co/xNboSW9gng
ObjectId("5e5072c7160e825aac3e2aa8"),pleasant,1231008738863177728,Sat Feb 22 00:12:09 +0000 2020,https://twitter.com/M_L_Clark/statuses/1231008738863177728,way home slightly_smiling_face tired classes still teach tomorrow ... super looking forward novella revisions tonight amediting soon,On my way home now. ğŸ™‚ Tired  with classes still to teach tomorrow... but super looking forward to some novella revisions tonight. #amediting #soon
ObjectId("5e5072c7160e825aac3e2aa9"),pleasant,1231008735088332800,Sat Feb 22 00:12:08 +0000 2020,https://twitter.com/JamesRobichaux/statuses/1231008735088332800,sell ubi people real life good results feel must weave technology argument justice argument advocates federal job guarantee know automation argument helps cause slightly_smiling_face,@HvEvil @RynnBrooke It's how I sell UBI to people in real life  and I have good results with it.  I feel that we must weave the technology argument into the justice argument  and advocates of a Federal Job Guarantee know how the automation argument helps their cause!   ğŸ™‚  https://t.co/IAafVQlK5O
ObjectId("5e5072c7160e825aac3e2aaa"),pleasant,1231008709947592704,Sat Feb 22 00:12:02 +0000 2020,https://twitter.com/Sqmpai/statuses/1231008709947592704,happy hg skyblock series back uploaded new episode grining_face_with_smiling_eyes make sure go watch slightly_smiling_face two_hearts,The Happy HG SkyBlock Series is BACK! Uploaded a new episode! ğŸ˜„  Make sure to go and watch it! ğŸ™‚ğŸ’•
ObjectId("5e5072c7160e825aac3e2aab"),pleasant,1231008707066155009,Sat Feb 22 00:12:01 +0000 2020,https://twitter.com/LauraLovesMoney/statuses/1231008707066155009,46 ... really pleasant ... 60-70 ideal ... texas expect happen much,@HiddenCash 46... and itâ€™s really pleasant out... but 60-70 is ideal... but in Texas I donâ€™t expect that to happen much
ObjectId("5e5072c7160e825aac3e2aac"),pleasant,1231008701810692096,Sat Feb 22 00:12:00 +0000 2020,https://twitter.com/teamtorremom/statuses/1231008701810692096,ice_hockey goal_net 2 mamaroneck tigers take 15 mt pleasant saturday night homocks ice rink 7 0 please come support team let go boys fyi sectional fee attend 8.0 per person ice_hockey tiger goal_net,@mhsvarsitysport @LoHudHockey @travjax71 @LMCTVSports @MamaroneckED  ğŸ’ğŸ¥… # 2 Mamaroneck Tigers take on #15 Mt. Pleasant   Saturday night at the Hommocks ice rink at 7:00 please come and support our team let go boys ! FYI sectional fee for all who attend $8.00 per Person ğŸ’ğŸ…ğŸ¥…
ObjectId("5e5072c7160e825aac3e2aad"),pleasant,1231008685507432448,Sat Feb 22 00:11:56 +0000 2020,https://twitter.com/FoxRoxB/statuses/1231008685507432448,nope perks parents divorcing baby upside-down_face,Nope. The perks of your parents divorcing when you're a baby ğŸ™ƒ https://t.co/6a5v6EOI51
ObjectId("5e5072c7160e825aac3e2aae"),pleasant,1231008672257626115,Sat Feb 22 00:11:53 +0000 2020,https://twitter.com/Hayshaanicole/statuses/1231008672257626115,work double tomorrow amp sunday amp already regretting upside-down_face tuesday wya,Work a double tomorrow &amp; Sunday &amp; Iâ€™m already regretting it ğŸ™ƒ Tuesday wya!
ObjectId("5e5072c7160e825aac3e2aaf"),pleasant,1231008669002801153,Sat Feb 22 00:11:52 +0000 2020,https://twitter.com/Howlocene/statuses/1231008669002801153,back people banning podling good lord even mad haha used nonsense upside-down_face hope everyone surviving brief leave,Iâ€™m back and people be banning poodling. Good lord Iâ€™m not even mad haha Iâ€™m just so used to the nonsense by now ğŸ™ƒ  Hope everyoneâ€™s been surviving during my brief leave!
ObjectId("5e5072c7160e825aac3e2ab0"),pleasant,1231008664326197248,Sat Feb 22 00:11:51 +0000 2020,https://twitter.com/TahiruuWalid/statuses/1231008664326197248,bokmarking restaurants places go mans got nobody go face_with_tears_of_joy upside-down_face,so here i am bookmarking restaurants and places to go to but mans got nobody to go with ğŸ˜‚ğŸ™ƒ
ObjectId("5e5072c7160e825aac3e2ab1"),pleasant,1231008651701342208,Sat Feb 22 00:11:48 +0000 2020,https://twitter.com/Daryl61914707/statuses/1231008651701342208,please bringbackthefulnationaldex main games slightly_smiling_face also treko choose winking_face hoen starters edonlan forms relieved_face treko grass flying torchic fire steel mudkip water ice,@Pokemon Please #BringBackTheFullNationalDex in the main games.ğŸ™‚  Also Treeko was my choose.ğŸ˜‰  Here are the Hoenn starters Edonlan forms.ğŸ˜Œ  Treeko: Grass Flying  Torchic: Fire Steel Mudkip: Water Ice https://t.co/ky7SxhIxnQ
ObjectId("5e5072c7160e825aac3e2ab2"),pleasant,1231008650962931712,Sat Feb 22 00:11:48 +0000 2020,https://twitter.com/PhnxAnthny/statuses/1231008650962931712,message me* ~sory pero basta swear explain tanan saimo time right nay chance nga mag talk ta na pay next time diba slightly_smiling_face,Message to me*  ~ssoooorrryyyy perooo bastaaa I swear to explain tanan saimo when the time is right or naay chance nga mag talk ta  naa pay next time diba?ğŸ™‚ https://t.co/ldnJDQ1Yg0
ObjectId("5e5072c7160e825aac3e2ab3"),pleasant,1231008637532938240,Sat Feb 22 00:11:44 +0000 2020,https://twitter.com/kreshelleashley/statuses/1231008637532938240,so annoying carlos gets frustrated comes playing fifa amp times anastasia asleep wake b/c yelling amp wants talk â€œ wait hold â€ bro get tf go get daughter expresionles_face upside-down_face,itâ€™s soooo annoying when Carlos gets frustrated when it comes to playing FIFA &amp; the times that Anastasia is asleep  sheâ€™ll wake up b/c heâ€™s yelling &amp; he wants to talk about â€œwait hold upâ€ no bro  get tf up and go get your daughter ğŸ˜‘ğŸ™ƒ.
ObjectId("5e5072c7160e825aac3e2ab4"),pleasant,1231008636131934209,Sat Feb 22 00:11:44 +0000 2020,https://twitter.com/imdonncha/statuses/1231008636131934209,take long curious complaining fundamentally computer talking computer b computers take weekends slightly_smiling_face,@TransferWise why does it take so long? Curious  not complaining. Isnâ€™t it fundamentally just computer A talking to computer B  and computers donâ€™t take the weekends off ğŸ™‚ https://t.co/bqz5RS3czd
ObjectId("5e5072c7160e825aac3e2ab5"),pleasant,1231008630406832128,Sat Feb 22 00:11:43 +0000 2020,https://twitter.com/Dawnsfire/statuses/1231008630406832128,given heat pressure surface planet wish luck slightly_smiling_face,Given the heat and pressure on the surface of the planet  I wish them luck ğŸ™‚ https://t.co/45EpfJekby
ObjectId("5e5072c7160e825aac3e2ab6"),pleasant,1231008627172966400,Sat Feb 22 00:11:42 +0000 2020,https://twitter.com/TrooperBob_SC/statuses/1231008627172966400,charleston sc watching dd barcelona spain see european peeps driving automobile delivery_truck minibus motor_scooter headed flavortown safe good weekend keep traffic flowing motorway sport_utility_vehicle slightly_smiling_face victory_hand_light_skin_tone,From Charleston  SC to watching #DDD in Barcelona  Spain! I see European peeps driving in ğŸš—  ğŸšš  ğŸš and on ğŸ›µ headed to #Flavortown. Be safe  have a good weekend and Iâ€™ll keep the traffic flowing.  ğŸ›£ğŸš™ğŸ™‚âœŒğŸ» @GuyFieri @DDDChico https://t.co/P07n4DnNcK
ObjectId("5e5072c7160e825aac3e2ab7"),pleasant,1231008626304618496,Sat Feb 22 00:11:42 +0000 2020,https://twitter.com/PoeticAdept/statuses/1231008626304618496,ok ok guess hang around bit longer â€” stories upside-down_face,@senselessrenee Ok ok I guess Iâ€™ll hang around a bit longer â€” for your stories! ğŸ™ƒ
ObjectId("5e5072c7160e825aac3e2ab8"),pleasant,1231008605010305024,Sat Feb 22 00:11:37 +0000 2020,https://twitter.com/niki_marie21/statuses/1231008605010305024,wan na know black amp pink grinder mauve one restocked.. slightly_smiling_face,@JeffreeStar I just wanna know if the black &amp; pink grinder or the mauve one will be restocked..ğŸ™‚
ObjectId("5e5072c7160e825aac3e2ab9"),pleasant,1231008592800731136,Sat Feb 22 00:11:34 +0000 2020,https://twitter.com/SabrinaSpiher/statuses/1231008592800731136,â€œ boyfriend sexually assaulted also pulled knife old jewish guy bad â€ obviously idiotic thing say never heard say upside-down_face,â€œThe same boyfriend who sexually assaulted me also pulled a knife on me  and thatâ€™s why this old Jewish guy is Bad â€ is an obviously idiotic thing to say  and so youâ€™ve never heard me say it. ğŸ™ƒ
ObjectId("5e5072c7160e825aac3e2aba"),pleasant,1231008586224066561,Sat Feb 22 00:11:32 +0000 2020,https://twitter.com/Moore30Terri/statuses/1231008586224066561,check american girl today pleasant co red nightgown retired accessories lot americangirl via,Check out American Girl Of Today Pleasant Co Red Nightgown Retired Accessories Lot #AmericanGirl https://t.co/smQ74z0vVk via @eBay
ObjectId("5e5072c7160e825aac3e2abb"),pleasant,1231008574693834756,Sat Feb 22 00:11:29 +0000 2020,https://twitter.com/onukpajohnson/statuses/1231008574693834756,kjv psalm 13 1 behold good pleasant brethren dwell together unity,KJV Psalm 133:1 Behold  how good and how pleasant it is for brethren to dwell together in unity!
ObjectId("5e5072c7160e825aac3e2abc"),pleasant,1231008552413782016,Sat Feb 22 00:11:24 +0000 2020,https://twitter.com/lunaisgriffin/statuses/1231008552413782016,decided go forever 21 buy outfit cam ya know make feel better cashier hitting leave house also looks like e-boy upside-down_face,Decided to go to forever 21 to buy an outfit before cam  ya know to make myself feel better  and the cashier is hitting on me and this is why I donâ€™t leave the house. Also  he looks like an E-boy ğŸ™ƒ
ObjectId("5e5072c7160e825aac3e2abd"),pleasant,1231008543777619969,Sat Feb 22 00:11:22 +0000 2020,https://twitter.com/ChilaQuiles_XO/statuses/1231008543777619969,thought would share video juggling athena messing end slightly_smiling_face,Just thought Iâ€™d share a video of my juggling and Athena messing me up at the end ğŸ™‚ https://t.co/V4XqFbv6oc
ObjectId("5e5072c7160e825aac3e2abe"),pleasant,1231008535737196544,Sat Feb 22 00:11:20 +0000 2020,https://twitter.com/KedrickBurton/statuses/1231008535737196544,miss rileystele slightly_smiling_face growing_heart mirormiror pinkfriday,Miss #RileySteele (@xxxRiley). ğŸ™‚ğŸ’— #MirrorMirror #PinkFriday https://t.co/waUSvCpcak
ObjectId("5e5072c7160e825aac3e2abf"),pleasant,1231008532394389504,Sat Feb 22 00:11:19 +0000 2020,https://twitter.com/PoteRusse/statuses/1231008532394389504,thanks -i read fully answer -the urls give looks interesting informative know `` crimea dummies 'l watch -i go crimea year 10 years -no doubt feel -please give us feedback slightly_smiling_face,@RussiaConnects @ClarkeMicah Thanks: -I will read the above fully before answer -The URLs you give looks to be very interesting and informative (I know "Crimea for dummies) I 'll watch them all -I go Crimea each year for more than 10 years -No doubt of what you'll feel -Please you'll give us your feedback ğŸ™‚
ObjectId("5e5072c7160e825aac3e2ac0"),pleasant,1231008525788336128,Sat Feb 22 00:11:18 +0000 2020,https://twitter.com/ogmmpurple_93/statuses/1231008525788336128,welcome friend slightly_smiling_face sparkling_heart,@JoanneMorson33 @pkart14 @Avenger_Agent @Lisa_Angel20 @RedRangerMike @SDagger02 @RangerReunion25 @BlakeAFoster @Only1Tracy @_Morphinominal_ @TheRogerVelasco @janellebowen12 @Blacksaltfilm @TheJohnnoMay @SpiderMarriage @8train @jasonkkchan Youâ€™re welcome my friend ğŸ™‚ğŸ’–
ObjectId("5e5072c7160e825aac3e2ac1"),pleasant,1231008506955935744,Sat Feb 22 00:11:13 +0000 2020,https://twitter.com/AliceB01973554/statuses/1231008506955935744,..my chuckle night.. upside-down_face beaming_face_with_smiling_eyes incase got broken handle microwave appreciate exquisite classical music georg friedrich hÃ¤ndel face_with_tears_of_joy roling_on_the_flor_laughing roling_on_the_flor_laughing roling_on_the_flor_laughing roling_on_the_flor_laughing nighty sleping_face musical_notes musical_notes,..my chuckle for the night.. ğŸ™ƒğŸ˜ Incase you've got a broken handle  own a microwave and appreciate exquisite classical music by Georg Friedrich HÃ¤ndel ğŸ˜‚ğŸ¤£ğŸ¤£ğŸ¤£ğŸ¤£ Nighty ğŸ˜´ğŸ¶ğŸ¶ https://t.co/zfmsMtsaTH
ObjectId("5e5072c7160e825aac3e2ac2"),pleasant,1231008502748868608,Sat Feb 22 00:11:12 +0000 2020,https://twitter.com/Franco_Macias_/statuses/1231008502748868608,honestly loved exactly wanted portray front upside-down_face,@alexis_grande HONESTLY!!! I loved it  thatâ€™s exactly what I wanted to portray if you were in front of me ğŸ™ƒ
ObjectId("5e5072c7160e825aac3e2ac3"),pleasant,1231008496520290305,Sat Feb 22 00:11:11 +0000 2020,https://twitter.com/Tashmary95/statuses/1231008496520290305,hey guys please help want watch full episode lauren graham australia way thank advance slightly_smiling_face,Hey guys  @KellyClarksonTV can you please help me out. I want to watch the full episode with Lauren Graham in Australia  so is there a way of doing so? Thank you in advance ğŸ™‚
ObjectId("5e5072c7160e825aac3e2ac4"),pleasant,1231008487410487297,Sat Feb 22 00:11:09 +0000 2020,https://twitter.com/gracielaaaj/statuses/1231008487410487297,ig post one roling_on_the_flor_laughing baby come across keep scrolling thx upside-down_face face_blowing_a_kis,ig iâ€™ll post one here. ğŸ¤£ baby if you come across this  keep scrolling. thx ğŸ™ƒğŸ˜˜ https://t.co/nB0V3kTO9T
ObjectId("5e5072c7160e825aac3e2ac5"),pleasant,1231008487125200896,Sat Feb 22 00:11:09 +0000 2020,https://twitter.com/CalleighSummer/statuses/1231008487125200896,nanying family dropped empty bowl floor upside bent get dog bit calf next 6 months worked constantly keep daughter kid away dog dad said bit multiple times upside-down_face,@mimithemama i was nannying for a family and i dropped an empty bowl on the floor upside down  bent down to get it and their dog bit my calf. for the next 6 months i worked for them i had to constantly keep my daughter and their kid away from the dog. the dad said he bit him multiple times ğŸ™ƒ
ObjectId("5e5072c7160e825aac3e2ac6"),pleasant,1231008479768346625,Sat Feb 22 00:11:07 +0000 2020,https://twitter.com/greding2/statuses/1231008479768346625,sorry darla upside-down_face woried_face able proud voting able discuss support without people attacking angry_face,@darla_tapp I'm so sorry  Darla.ğŸ™ƒğŸ˜Ÿ You should be able to be proud of voting and be able to discuss who you support without people attacking you. ğŸ˜ 
ObjectId("5e5072c7160e825aac3e2ac7"),pleasant,1231008472562569217,Sat Feb 22 00:11:05 +0000 2020,https://twitter.com/pineappleboy__/statuses/1231008472562569217,***two days later*** boy friday work forgot show night worries ever wonder stay single upside-down_face,***two days later***  boy: so  friday wonâ€™t work. i forgot i have a show that night.  me: no worries.   donâ€™t ever wonder why i stay single. ğŸ™ƒ
ObjectId("5e5072c7160e825aac3e2ac8"),pleasant,1231008460310970369,Sat Feb 22 00:11:02 +0000 2020,https://twitter.com/_ISABL_/statuses/1231008460310970369,â€™ wan na know work day ended keys coat got locked office even keys upside-down_face,Yâ€™all wanna know how my work day ended? My keys and my coat got locked in an office we donâ€™t even have keys for ğŸ™ƒ
ObjectId("5e5072c7160e825aac3e2ac9"),pleasant,1231008460290109441,Sat Feb 22 00:11:02 +0000 2020,https://twitter.com/kayelayy/statuses/1231008460290109441,ooh yas heart_suit heart_suit hear takes 3-6 months heal upside-down_face barbell,@callmebeepme__ Ooh yass â™¥ï¸â™¥ï¸ I hear it takes 3-6 months to heal ğŸ™ƒ. I have a barbell
ObjectId("5e5072c7160e825aac3e2aca"),pleasant,1231008456104124418,Sat Feb 22 00:11:01 +0000 2020,https://twitter.com/xiontaes/statuses/1231008456104124418,coworker need call mom.. know call mom inconvenience upside-down_face know confused_face,coworker: i need to call my mom.. you know when you call your mom at any inconvenience?  me: ğŸ™ƒ no  i donâ€™t know ğŸ˜•
ObjectId("5e5072c7160e825aac3e2acb"),pleasant,1231008441235206144,Sat Feb 22 00:10:58 +0000 2020,https://twitter.com/_lliillaayy_/statuses/1231008441235206144,lose phone find car slightly_smiling_face,@badgalgigi1 @miiriiaammm_ Only if you donâ€™t lose your phone and then find it in the car ğŸ™‚
ObjectId("5e5072c7160e825aac3e2acc"),pleasant,1231008436588097536,Sat Feb 22 00:10:56 +0000 2020,https://twitter.com/emanbro/statuses/1231008436588097536,time must move slow ulta girl said going 2 minutes 30 minutes counting ass still sitting truck upside-down_face,Time must move slow in ulta! My girl said she was going to be there for 2 minutes its been 30 minutes and counting and my ass still sitting in the truck! ğŸ™ƒ
ObjectId("5e5072c7160e825aac3e2acd"),pleasant,1231008433958215681,Sat Feb 22 00:10:56 +0000 2020,https://twitter.com/katelynlemley2/statuses/1231008433958215681,dont even act like wasnt see fake shit girl bye upside-down_face,@_JenniferCBiggs DONT EVEN ACT LIKE IT WASNT ABOUT ME. See that fake shit. Girl bye.ğŸ™ƒ
ObjectId("5e5072c7160e825aac3e2ace"),pleasant,1231008423858376706,Sat Feb 22 00:10:53 +0000 2020,https://twitter.com/fondrenlock/statuses/1231008423858376706,â€™ double pinky promise ok slightly_smiling_face hand gon na progressively lighter shade red days thank concern though face_blowing_a_kis,yâ€™all  I double pinky promise Iâ€™m ok ğŸ™‚  but my hand is gonna be a progressively lighter shade of red for a few days thank you all for the concern though ğŸ˜˜ https://t.co/lSDcXoQ3Nv
ObjectId("5e5072c7160e825aac3e2acf"),pleasant,1231008413456293888,Sat Feb 22 00:10:51 +0000 2020,https://twitter.com/thefrostqueen/statuses/1231008413456293888,sorry beloved watchdog guardian buy anything bad optics charlie brown would like slightly_smiling_face,@RacismDog I'm sorry  our beloved watchdog guardian but I just can't buy this as anything more than bad optics. Charlie Brown just wouldn't be like that. ğŸ™‚
ObjectId("5e5072c7160e825aac3e2ad0"),pleasant,1231008413120745472,Sat Feb 22 00:10:51 +0000 2020,https://twitter.com/Pancake_Time/statuses/1231008413120745472,whole manufactured culture war shit obnoxious last year chuds pit battle angel alita captain marvel sonic vs birds prey crap even stupider believe people actually falling upside-down_face,This whole manufactured culture war shit was obnoxious last year when chuds pit Battle Angel Alita against Captain Marvel  but this Sonic vs Birds of Prey crap is even stupider and I can't believe people are actually falling for it. ğŸ™ƒ
ObjectId("5e5072c7160e825aac3e2ad1"),pleasant,1231008388517187585,Sat Feb 22 00:10:45 +0000 2020,https://twitter.com/stroszeksturkey/statuses/1231008388517187585,idea candidates president united states devastating world-ending office ever existed `` pleasant '' `` adaptable '' sensibilities people hiding behind protection annihilative power beyond heinous,the idea that candidates for president of the united states  the most devastating and world-ending office that has ever existed  should be "pleasant " or "adaptable" to the sensibilities of the people hiding behind the protection of that annihilative power  is beyond heinous
ObjectId("5e5072c7160e825aac3e2ad2"),pleasant,1231008378647760897,Sat Feb 22 00:10:43 +0000 2020,https://twitter.com/matt_friend/statuses/1231008378647760897,chronically ill wife 2 kids autism spectrum home foreclosed years ago living day day patient pleasant,@pulte Chronically ill wife  2 kids on the autism spectrum  home was foreclosed on a few years ago. Living day to day. Be patient  be pleasant.
ObjectId("5e5072c7160e825aac3e2ad3"),pleasant,1231008368073928704,Sat Feb 22 00:10:40 +0000 2020,https://twitter.com/SFBART/statuses/1231008368073928704,one big change recent service adjustment extending peak-hour limited yellow line trains pleasant hill concord change provides increased service residents riders plan next ride using bart trip planner official bart ap,One big change in recent service adjustment has been the extending our peak-hour limited Yellow Line trains from Pleasant Hill to Concord. This change provides increased service to @CA_Concord residents and riders.  Plan your next ride using BART Trip Planner or Official BART App https://t.co/vZsDBFDu02
